s,a,l,l,.,l,e,p,.,t,x,t
v,a,r,r,o,.,l,l,5,.,t,x,t
s,o,l,i,n,u,s,5,.,t,x,t
s,a,l,l,.,f,r,a,g,.,t,x,t
a,n,n,a,l,e,s,r,e,g,n,i,f,r,a,n,c,o,r,u,m,.,t,x,t
v,e,l,l,2,.,t,x,t
r,u,a,e,u,s,.,t,x,t
m,a,l,a,t,e,r,r,a,4,.,t,x,t
s,i,c,m,e,a,f,a,t,a,.,t,x,t
c,a,r,m,e,n,i,n,v,i,c,t,o,r,i,a,m,.,t,x,t
b,o,n,a,v,e,n,t,u,r,a,.,i,t,i,n,e,r,a,r,i,u,m,.,t,x,t
i,n,d,i,c,e,s,.,t,x,t
c,o,t,t,a,.,t,x,t
g,r,e,g,o,r,y,7,.,t,x,t
m,a,p,p,s,2,.,t,x,t
e,n,c,y,.,f,i,d,e,s,.,t,x,t
p,l,i,n,y,.,e,p,6,.,t,x,t
s,o,l,i,n,u,s,3,a,.,t,x,t
h,y,m,n,i,.,t,x,t
v,i,c,o,.,o,r,a,t,6,.,t,x,t
d,o,n,.,t,x,t
p,s,p,l,a,t,o,.,d,e,m,o,d,o,c,u,s,.,t,x,t
v,i,c,t,o,r,.,i,l,l,.,t,x,t
h,i,p,p,.,t,x,t
v,i,t,r,u,v,i,u,s,6,.,t,x,t
w,m,c,o,n,c,h,e,s,p,h,i,l,.,t,x,t
s,e,d,u,l,i,u,s,.,s,o,l,i,s,.,t,x,t
t,h,e,g,a,n,u,s,.,t,x,t
h,i,s,t,a,p,o,l,l,.,t,x,t
e,u,g,e,n,i,u,s,.,t,x,t
w,i,t,h,o,f,5,.,t,x,t
i,n,d,e,x,.,t,x,t
v,e,l,l,1,.,t,x,t
e,n,n,.,t,x,t
d,i,c,c,h,r,i,s,t,i,.,t,x,t
m,a,i,d,s,t,o,n,e,.,t,x,t
n,e,m,e,s,i,a,n,u,s,1,.,t,x,t
l,h,o,m,o,n,d,.,v,i,r,i,s,.,t,x,t
s,o,l,i,n,u,s,2,a,.,t,x,t
i,n,s,c,r,i,p,t,i,o,n,s,.,t,x,t
a,b,b,o,f,l,o,r,a,c,e,n,s,i,s,.,t,x,t
w,i,l,l,i,a,m,a,p,u,l,i,a,.,t,x,t
s,i,d,o,n,i,u,s,9,.,t,x,t
f,a,b,e,.,t,x,t
p,e,t,r,a,r,c,h,m,e,d,i,c,u,s,.,t,x,t
e,s,t,a,s,.,t,x,t
e,u,c,h,e,r,i,u,s,.,t,x,t
s,e,n,e,c,a,.,c,o,n,t,r,1,0,.,t,x,t
m,a,p,p,s,1,.,t,x,t
i,l,i,a,s,.,t,x,t
v,i,t,r,u,v,i,u,s,9,.,t,x,t
l,u,t,h,e,r,.,l,t,e,r,a,m,u,s,.,t,x,t
o,b,s,e,q,u,e,n,s,.,t,x,t
j,a,n,u,s,2,.,t,x,t
p,l,i,n,y,.,e,p,3,.,t,x,t
n,i,t,h,a,r,d,u,s,1,.,t,x,t
a,v,i,e,n,u,s,.,o,r,a,.,t,x,t
g,r,e,g,d,e,c,r,e,t,a,l,s,5,.,t,x,t
v,i,t,r,u,v,i,u,s,2,.,t,x,t
l,o,t,i,c,h,i,u,s,.,t,x,t
s,e,d,u,l,i,u,s,2,.,t,x,t
p,l,i,n,y,.,n,h,3,.,t,x,t
s,i,d,o,n,i,u,s,6,.,t,x,t
p,r,o,p,e,r,t,i,u,s,1,.,t,x,t
e,g,e,r,i,a,2,.,t,x,t
t,i,b,u,l,l,u,s,3,.,t,x,t
g,w,i,n,n,e,5,.,3,.,t,x,t
s,i,m,e,d,i,g,n,e,t,u,r,.,t,x,t
s,e,n,e,c,a,.,c,o,n,t,r,2,.,t,x,t
n,i,v,i,s,.,t,x,t
a,p,p,v,e,r,g,.,c,a,t,a,l,e,p,t,o,n,.,t,x,t
m,i,l,t,o,n,.,q,u,i,n,t,n,o,v,.,t,x,t
b,a,l,d,e,2,.,t,x,t
p,r,o,p,4,.,t,x,t
p,i,c,c,o,l,o,m,i,n,i,.,e,p,4,.,t,x,t
s,e,p,t,s,a,p,.,t,x,t
d,e,c,r,e,t,u,m,.,t,x,t
n,i,t,h,a,r,d,u,s,4,.,t,x,t
h,e,n,r,y,s,e,t,t,i,m,e,l,l,o,.,t,x,t
s,i,g,e,b,e,r,t,.,v,i,r,g,i,n,.,t,x,t
c,e,l,t,i,s,.,o,r,a,t,i,o,.,t,x,t
v,a,l,e,r,i,u,s,f,l,a,c,c,u,s,4,.,t,x,t
v,a,r,r,o,.,r,r,2,.,t,x,t
p,e,r,s,i,u,s,.,t,x,t
s,p,i,n,o,z,a,.,e,t,h,i,c,a,2,.,t,x,t
m,a,x,i,m,i,a,n,u,s,.,t,x,t
r,i,c,h,e,r,u,s,1,.,t,x,t
p,h,a,e,d,r,1,.,t,x,t
v,a,l,e,r,i,u,s,f,l,a,c,c,u,s,6,.,t,x,t
q,u,u,m,.,t,x,t
e,p,.,p,r,i,a,p,i,s,m,o,.,t,x,t
p,l,i,n,y,.,e,p,5,.,t,x,t
e,r,c,h,e,m,p,e,r,t,.,t,x,t
w,a,a,r,d,e,n,b,u,r,g,.,t,x,t
t,i,b,u,l,l,u,s,1,.,t,x,t
l,e,o,3,.,t,x,t
a,p,p,v,e,r,g,.,a,e,t,n,a,.,t,x,t
g,w,i,n,n,e,5,.,4,.,t,x,t
t,e,r,.,a,d,e,l,.,t,x,t
s,u,l,p,i,c,i,u,s,s,e,v,e,r,u,s,m,a,r,t,i,n,.,t,x,t
p,e,t,r,a,r,c,h,.,e,p,1,.,t,x,t
v,i,t,r,u,v,i,u,s,1,0,.,t,x,t
w,i,t,h,o,f,4,.,t,x,t
s,e,n,e,c,a,.,c,o,n,t,r,8,.,t,x,t
n,a,v,a,g,e,r,o,.,t,x,t
p,r,o,s,p,e,r,u,s,.,s,e,n,t,e,n,t,i,a,e,.,t,x,t
l,u,t,h,e,r,.,9,5,.,t,x,t
g,r,a,v,i,s,s,i,m,a,s,.,t,x,t
c,i,n,n,a,.,t,x,t
s,a,l,l,.,c,o,t,t,a,.,t,x,t
s,u,l,p,i,c,i,u,s,s,e,v,e,r,u,s,c,h,r,o,n,2,.,t,x,t
n,e,w,t,o,n,.,r,e,g,u,l,a,e,.,t,x,t
d,i,c,q,u,i,d,.,t,x,t
s,e,d,u,l,i,u,s,4,.,t,x,t
p,e,t,r,o,n,i,u,s,f,r,a,g,.,t,x,t
r,h,e,t,o,r,e,s,.,t,x,t
p,a,s,c,o,l,i,.,c,a,t,u,l,l,.,t,x,t
i,n,n,o,c,e,n,t,2,.,t,x,t
g,i,o,a,c,c,h,i,n,o,.,t,x,t
g,a,r,c,i,l,a,s,o,.,t,x,t
c,o,r,v,i,n,u,s,2,.,t,x,t
p,u,l,c,h,r,a,c,o,m,i,s,.,t,x,t
v,a,r,r,o,.,l,l,1,0,.,t,x,t
m,a,n,i,l,i,u,s,3,.,t,x,t
v,e,g,e,t,i,u,s,3,.,t,x,t
p,l,i,n,y,.,e,p,1,0,.,t,x,t
b,i,g,g,s,.,t,x,t
f,r,o,n,t,o,.,t,x,t
p,e,t,r,a,r,c,h,.,n,u,m,a,.,t,x,t
c,o,l,u,m,b,a,1,.,t,x,t
h,a,l,l,e,y,.,t,x,t
t,h,o,m,a,s,e,d,e,s,s,a,.,t,x,t
a,n,o,n,.,m,a,r,t,y,r,i,o,.,t,x,t
s,i,d,o,n,i,u,s,7,.,t,x,t
1,2,t,a,b,l,e,s,.,t,x,t
g,w,i,n,n,e,1,.,t,x,t
a,r,b,r,o,a,t,h,.,t,x,t
f,r,e,d,e,g,a,r,i,u,s,.,t,x,t
m,a,r,c,e,l,l,i,n,u,s,2,.,t,x,t
s,o,l,i,n,u,s,2,.,t,x,t
g,r,e,g,d,e,c,r,e,t,a,l,s,4,.,t,x,t
g,a,u,d,.,t,x,t
s,e,n,e,c,a,.,c,o,n,t,r,1,.,t,x,t
g,a,i,u,s,3,.,t,x,t
p,r,o,p,3,.,t,x,t
w,i,t,h,o,f,6,.,t,x,t
p,r,o,s,p,e,r,u,s,.,e,p,i,s,t,o,l,a,.,t,x,t
s,o,l,i,n,u,s,4,.,t,x,t
p,a,s,c,o,l,i,.,v,e,i,a,n,i,u,s,.,t,x,t
g,r,e,g,d,e,c,r,e,t,a,l,s,1,.,t,x,t
w,a,l,t,o,n,.,t,x,t
t,e,r,.,e,u,n,u,c,h,u,s,.,t,x,t
i,o,r,d,a,n,e,s,2,.,t,x,t
p,a,r,i,s,.,t,x,t
s,o,l,i,n,u,s,1,a,.,t,x,t
s,a,b,i,n,u,s,3,.,t,x,t
p,e,r,v,i,g,.,t,x,t
l,i,b,e,r,p,o,n,t,i,f,i,c,a,l,i,s,1,.,t,x,t
m,a,n,i,l,i,u,s,1,.,t,x,t
s,p,i,n,o,z,a,.,e,t,h,i,c,a,1,.,t,x,t
s,o,l,e,t,.,t,x,t
r,i,m,b,a,u,d,.,t,x,t
m,a,l,a,t,e,r,r,a,3,.,t,x,t
p,l,a,n,c,t,u,s,.,t,x,t
m,a,r,b,o,d,u,s,.,t,x,t
p,o,m,p,o,n,i,u,s,1,.,t,x,t
v,i,d,a,.,t,x,t
p,o,r,e,e,.,t,x,t
m,a,g,n,a,c,a,r,t,a,.,t,x,t
h,i,s,t,b,r,i,t,.,t,x,t
f,l,e,t,c,h,e,r,.,t,x,t
g,a,i,u,s,4,.,t,x,t
v,a,l,m,a,x,8,.,t,x,t
d,a,r,e,s,1,.,t,x,t
p,h,a,e,d,r,a,p,p,.,t,x,t
w,i,t,h,o,f,1,.,t,x,t
v,a,r,r,o,.,l,l,9,.,t,x,t
p,r,a,t,a,i,a,m,.,t,x,t
v,i,t,r,u,v,i,u,s,8,.,t,x,t
v,i,c,t,o,r,.,c,a,e,s,.,t,x,t
a,r,c,h,p,o,e,t,.,t,x,t
s,o,l,i,n,u,s,1,.,t,x,t
e,x,i,v,i,.,t,x,t
n,e,m,e,s,i,a,n,u,s,2,.,t,x,t
a,n,g,i,l,b,e,r,t,.,t,x,t
b,e,n,e,d,i,c,t,.,t,x,t
s,i,d,o,n,i,u,s,1,.,t,x,t
v,o,l,o,v,i,r,u,m,.,t,x,t
c,a,t,u,l,l,u,s,.,t,x,t
t,e,r,.,a,n,d,r,i,a,.,t,x,t
s,c,b,a,c,c,a,n,a,l,i,b,u,s,.,t,x,t
v,i,c,t,o,r,.,o,r,i,g,i,o,.,t,x,t
s,e,d,u,l,i,u,s,1,.,t,x,t
j,f,k,h,o,n,o,r,.,t,x,t
k,a,l,i,l,a,.,t,x,t
v,a,l,e,r,i,u,s,f,l,a,c,c,u,s,3,.,t,x,t
p,i,c,c,o,l,o,m,i,n,i,.,e,p,6,.,t,x,t
p,r,o,p,2,.,t,x,t
t,u,n,g,e,r,.,t,x,t
p,a,s,c,o,l,i,.,l,a,u,r,.,t,x,t
a,r,n,u,l,f,.,t,x,t
s,i,d,o,n,i,u,s,2,.,t,x,t
s,e,n,e,c,a,.,f,r,a,g,m,e,n,t,a,.,t,x,t
p,a,u,l,i,n,u,s,.,a,u,s,o,n,i,u,m,.,t,x,t
v,i,t,a,c,a,r,o,l,i,.,t,x,t
p,o,g,g,i,o,.,t,x,t
s,e,n,e,c,a,.,c,o,n,t,r,5,.,t,x,t
p,e,t,r,o,n,i,u,s,1,.,t,x,t
p,l,i,n,y,.,n,h,5,.,t,x,t
p,s,p,l,a,t,o,.,h,a,l,c,y,o,n,.,t,x,t
v,a,l,m,a,x,6,.,t,x,t
t,e,r,.,h,e,c,y,r,a,.,t,x,t
s,a,l,l,.,m,a,c,e,r,.,t,x,t
p,l,i,n,y,.,e,p,2,.,t,x,t
o,w,e,n,.,t,x,t
g,e,r,m,a,n,i,c,u,s,.,t,x,t
v,a,l,m,a,x,1,.,t,x,t
v,a,l,m,a,x,3,.,t,x,t
m,a,n,i,l,i,u,s,2,.,t,x,t
i,o,r,d,a,n,e,s,1,.,t,x,t
w,a,l,t,e,r,9,.,t,x,t
a,n,d,e,c,a,v,i,s,.,t,x,t
p,s,p,l,a,t,o,.,s,i,s,y,p,h,u,s,.,t,x,t
b,i,l,l,.,r,i,g,h,t,s,.,t,x,t
p,o,t,a,t,o,r,e,s,.,t,x,t
d,e,c,l,a,r,a,t,i,o,.,t,x,t
m,i,r,a,b,i,l,i,a,.,t,x,t
a,s,c,o,n,i,u,s,.,t,x,t
g,o,d,f,r,e,y,.,e,p,i,g,r,a,m,m,a,t,a,.,t,x,t
a,n,d,r,o,n,i,c,u,s,.,t,x,t
p,r,o,f,e,s,s,i,o,.,t,x,t
a,n,d,r,e,a,s,b,e,r,g,o,m,a,.,t,x,t
m,a,n,i,l,i,u,s,4,.,t,x,t
g,r,e,g,.,t,x,t
v,a,l,e,r,i,u,s,f,l,a,c,c,u,s,2,.,t,x,t
a,g,n,e,s,.,t,x,t
a,s,s,e,r,i,u,s,.,t,x,t
e,b,u,l,o,.,t,x,t
j,u,n,i,l,l,u,s,.,t,x,t
g,r,a,t,t,i,u,s,.,t,x,t
o,r,a,t,i,o,.,s,t,e,p,h,a,n,i,.,t,x,t
v,e,n,a,n,t,i,u,s,.,t,x,t
a,p,p,v,e,r,g,.,c,i,r,i,s,.,t,x,t
f,o,e,d,u,s,a,e,t,e,r,n,u,m,.,t,x,t
s,a,l,l,.,e,p,1,.,t,x,t
v,i,c,t,o,r,.,c,a,e,s,2,.,t,x,t
a,v,i,e,n,u,s,.,p,e,r,i,e,g,e,s,i,s,.,t,x,t
n,o,t,i,t,i,a,1,.,t,x,t
l,e,g,e,n,d,a,.,s,t,e,p,h,a,n,i,.,t,x,t
p,a,t,r,i,c,i,u,s,1,.,t,x,t
c,a,l,p,u,r,n,i,u,s,f,l,a,c,c,u,s,.,t,x,t
w,a,l,t,e,r,4,.,t,x,t
p,i,c,c,o,l,o,m,i,n,i,.,e,p,5,.,t,x,t
s,u,l,p,i,c,i,u,s,s,e,v,e,r,u,s,c,h,r,o,n,1,.,t,x,t
m,a,l,a,t,e,r,r,a,1,.,t,x,t
r,e,p,o,s,i,a,n,u,s,.,t,x,t
n,e,m,e,s,i,a,n,u,s,3,.,t,x,t
l,a,n,d,o,r,.,1,8,5,8,.,t,x,t
s,a,n,n,a,z,a,r,o,1,.,t,x,t
v,a,r,r,o,.,l,l,7,.,t,x,t
n,o,b,i,l,i,s,.,t,x,t
i,a,b,e,r,v,o,c,i,u,s,.,t,x,t
a,p,p,v,e,r,g,c,u,l,e,x,.,t,x,t
a,l,f,o,n,s,i,.,d,i,s,c,i,p,l,i,n,a,.,t,x,t
p,l,i,n,y,.,n,h,p,r,.,t,x,t
p,a,s,c,o,l,i,.,s,e,n,.,t,x,t
i,a,m,d,u,l,c,i,s,.,t,x,t
v,e,g,e,t,i,u,s,4,.,t,x,t
f,r,o,d,e,b,e,r,t,u,s,.,t,x,t
p,i,c,c,o,l,o,m,i,n,i,.,e,p,2,.,t,x,t
d,o,n,a,t,i,o,n,.,t,x,t
s,a,l,l,.,m,i,t,h,r,.,t,x,t
s,e,n,e,c,a,.,c,o,n,t,r,3,.,t,x,t
g,e,s,t,a,r,o,m,.,t,x,t
a,v,i,a,n,u,s,.,t,x,t
o,r,i,g,o,.,t,x,t
p,o,m,p,o,n,i,u,s,2,.,t,x,t
r,u,t,i,l,i,u,s,.,t,x,t
a,n,s,e,l,m,e,p,i,s,t,u,l,a,.,t,x,t
s,a,l,l,.,e,p,2,.,t,x,t
l,e,o,2,.,t,x,t
s,a,b,i,n,u,s,2,.,t,x,t
d,u,m,d,i,a,n,e,.,t,x,t
s,p,i,n,o,z,a,.,e,t,h,i,c,a,4,.,t,x,t
f,o,r,s,e,t,t,1,.,t,x,t
p,s,p,l,a,t,o,.,a,m,a,t,o,r,e,s,.,t,x,t
m,a,r,u,l,l,o,.,t,x,t
r,u,m,o,r,.,t,x,t
p,l,i,n,y,.,n,h,4,.,t,x,t
e,p,i,t,o,m,e,c,o,n,o,n,i,a,n,a,.,t,x,t
v,a,r,r,o,.,f,r,a,g,.,t,x,t
a,x,i,o,.,t,x,t
w,a,l,t,e,r,8,.,t,x,t
c,o,r,v,i,n,u,s,1,.,t,x,t
v,i,c,e,n,t,i,u,s,.,t,x,t
p,i,c,c,o,l,o,m,i,n,i,.,e,p,1,.,t,x,t
p,i,c,c,o,l,o,m,i,n,i,.,e,p,3,.,t,x,t
w,a,l,t,a,r,i,u,s,2,.,t,x,t
c,a,e,c,i,l,i,u,s,b,a,l,b,u,s,.,t,x,t
b,l,e,s,e,n,s,i,s,.,t,x,t
h,e,n,r,y,2,.,t,x,t
p,r,o,s,p,e,r,u,s,.,r,u,f,i,n,u,m,.,t,x,t
r,e,s,g,e,s,t,a,e,1,.,t,x,t
g,w,i,n,n,e,5,.,1,.,t,x,t
p,a,s,s,e,r,a,t,.,t,x,t
e,n,n,o,d,i,u,s,.,t,x,t
s,u,s,c,i,p,e,f,l,o,s,.,t,x,t
v,e,g,e,t,i,u,s,2,.,t,x,t
r,i,c,h,e,r,u,s,3,.,t,x,t
s,a,l,l,.,1,.,t,x,t
c,a,t,a,l,o,g,u,e,l,i,b,e,r,i,e,n,.,t,x,t
p,s,p,l,a,t,o,.,e,r,y,x,i,a,s,.,t,x,t
e,p,i,s,t,a,u,s,t,r,a,s,.,t,x,t
g,w,i,n,n,e,2,.,t,x,t
n,e,w,t,o,n,.,c,a,p,i,t,a,.,t,x,t
p,s,p,l,a,t,o,.,m,i,n,o,s,.,t,x,t
h,e,n,r,y,1,.,t,x,t
t,h,e,o,d,o,l,u,s,.,t,x,t
g,w,i,n,n,e,3,.,t,x,t
h,y,d,a,t,i,u,s,c,h,r,o,n,i,c,o,n,.,t,x,t
p,l,i,n,y,.,e,p,1,.,t,x,t
f,u,l,b,e,r,t,.,t,x,t
l,a,n,d,o,r,1,7,9,5,.,t,x,t
s,e,n,e,c,a,.,s,u,a,s,o,r,i,a,e,.,t,x,t
s,y,r,u,s,.,t,x,t
t,h,e,s,a,u,r,o,.,t,x,t
l,e,t,a,b,u,n,d,u,s,.,t,x,t
p,i,c,c,o,l,o,m,i,n,i,.,t,u,r,c,o,s,.,t,x,t
p,l,i,n,y,.,e,p,7,.,t,x,t
s,i,g,e,b,e,r,t,.,v,i,t,a,b,r,e,v,i,o,r,.,t,x,t
w,m,c,o,n,c,h,e,s,d,o,g,m,a,.,t,x,t
v,a,l,m,a,x,2,.,t,x,t
m,a,r,c,e,l,l,i,n,u,s,1,.,t,x,t
p,l,i,n,y,.,p,a,n,e,g,y,r,i,c,u,s,.,t,x,t
p,r,i,a,p,e,a,.,t,x,t
d,u,l,c,e,s,o,l,u,m,.,t,x,t
m,i,n,u,c,i,u,s,.,t,x,t
v,a,l,e,s,i,a,n,u,s,2,.,t,x,t
g,a,i,u,s,1,.,t,x,t
d,i,e,s,i,r,a,e,.,t,x,t
h,e,b,e,t,.,t,x,t
a,p,p,v,e,r,g,c,o,m,p,.,t,x,t
g,a,u,s,s,.,t,x,t
e,g,e,r,i,a,1,.,t,x,t
i,n,q,u,i,s,i,t,i,o,.,t,x,t
v,i,t,r,u,v,i,u,s,3,.,t,x,t
g,a,r,l,a,n,d,.,t,x,t
s,e,n,e,c,a,.,c,o,n,t,r,7,.,t,x,t
v,i,t,r,u,v,i,u,s,4,.,t,x,t
r,a,o,u,l,.,t,x,t
c,a,t,o,.,d,i,s,.,t,x,t
s,c,o,t,t,u,s,.,t,x,t
b,e,r,n,a,r,d,c,l,u,n,y,1,.,t,x,t
t,e,v,i,g,i,l,a,n,s,.,t,x,t
n,e,w,t,o,n,.,s,c,h,o,l,i,u,m,.,t,x,t
b,a,l,b,u,s,.,t,x,t
m,u,s,a,v,e,n,i,t,.,t,x,t
n,i,t,h,a,r,d,u,s,3,.,t,x,t
z,o,n,a,r,a,s,.,t,x,t
a,n,o,n,.,d,e,r,a,m,i,s,.,t,x,t
d,i,r,a,v,i,.,t,x,t
g,w,i,n,n,e,4,.,t,x,t
v,a,l,e,r,i,u,s,f,l,a,c,c,u,s,7,.,t,x,t
a,d,s,o,.,t,x,t
v,a,l,m,a,x,5,.,t,x,t
p,i,c,c,o,l,o,m,i,n,i,.,c,a,r,m,e,n,.,t,x,t
s,i,g,e,b,e,r,t,.,s,c,r,i,p,t,.,t,x,t
r,e,s,g,e,s,t,a,e,.,t,x,t
f,a,l,c,o,n,e,.,t,x,t
s,i,d,o,n,i,u,s,3,.,t,x,t
v,a,l,m,a,x,4,.,t,x,t
e,i,n,.,t,x,t
p,s,p,l,a,t,o,.,v,i,r,t,u,.,t,x,t
s,i,d,o,n,i,u,s,4,.,t,x,t
r,i,c,h,e,r,u,s,4,.,t,x,t
e,u,g,i,p,p,i,u,s,.,t,x,t
c,r,e,e,d,s,.,t,x,t
v,e,g,e,t,i,u,s,1,.,t,x,t
w,a,l,t,e,r,1,1,.,t,x,t
d,e,b,u,r,y,.,t,x,t
l,h,o,m,o,n,d,.,h,i,s,t,o,r,i,a,e,.,t,x,t
g,o,d,f,r,e,y,.,e,p,i,g,r,a,m,m,a,t,a,h,i,s,t,.,t,x,t
p,h,a,e,d,r,4,.,t,x,t
a,m,p,e,l,i,u,s,.,t,x,t
t,e,r,.,h,e,a,u,t,o,n,.,t,x,t
c,o,l,m,a,n,.,t,x,t
v,a,r,r,o,.,l,l,8,.,t,x,t
b,a,l,d,e,1,.,t,x,t
c,l,i,t,o,p,h,o,n,.,t,x,t
c,e,n,s,o,r,i,n,u,s,.,t,x,t
a,n,n,a,l,e,s,v,e,d,a,s,t,i,n,i,.,t,x,t
f,i,c,i,n,o,.,t,x,t
p,e,r,p,.,t,x,t
n,e,m,e,s,i,a,n,u,s,4,.,t,x,t
w,a,l,t,e,r,1,0,.,t,x,t
s,e,n,e,c,a,.,c,o,n,t,r,6,.,t,x,t
e,p,i,t,a,p,h,s,.,t,x,t
f,e,r,r,a,r,i,a,.,t,x,t
p,r,e,c,.,t,e,r,r,.,t,x,t
w,a,l,t,e,r,7,.,t,x,t
l,u,t,h,e,r,.,p,r,a,e,f,.,t,x,t
s,u,l,p,i,c,i,a,.,t,x,t
p,l,i,n,y,.,e,p,9,.,t,x,t
v,i,t,r,u,v,i,u,s,1,.,t,x,t
h,y,d,a,t,i,u,s,f,a,s,t,i,.,t,x,t
v,i,t,r,u,v,i,u,s,7,.,t,x,t
x,a,n,t,e,n,.,t,x,t
i,p,s,a,v,i,v,e,r,e,.,t,x,t
m,a,c,a,r,i,u,s,1,.,t,x,t
1,6,4,4,.,t,x,t
c,a,r,m,.,b,u,r,.,t,x,t
p,a,s,c,o,l,i,.,i,u,g,.,t,x,t
h,e,n,r,y,3,.,t,x,t
h,r,a,b,a,n,u,s,.,t,x,t
d,u,m,e,s,t,a,s,.,t,x,t
n,o,v,a,t,i,a,n,.,t,x,t
s,e,n,e,c,a,.,c,o,n,t,r,4,.,t,x,t
r,e,g,u,l,a,.,t,x,t
v,a,l,e,r,i,u,s,f,l,a,c,c,u,s,8,.,t,x,t
s,a,l,l,.,i,n,v,e,c,t,i,v,a,.,t,x,t
b,e,r,n,a,r,d,c,l,u,n,y,2,.,t,x,t
n,o,t,i,t,i,a,2,.,t,x,t
w,a,l,t,a,r,i,u,s,3,.,t,x,t
m,o,n,t,a,n,u,s,.,t,x,t
v,e,g,i,u,s,.,t,x,t
t,h,e,o,p,h,a,n,e,s,.,t,x,t
l,e,o,1,.,t,x,t
t,e,m,p,u,s,e,s,t,.,t,x,t
s,p,i,n,o,z,a,.,e,t,h,i,c,a,5,.,t,x,t
j,a,n,u,s,1,.,t,x,t
m,o,r,e,.,t,x,t
j,o,h,a,n,n,e,s,.,t,x,t
p,l,i,n,y,.,e,p,4,.,t,x,t
p,s,p,l,a,t,o,.,i,u,s,t,o,.,t,x,t
o,m,n,e,g,e,n,u,s,.,t,x,t
p,l,i,n,y,.,n,h,2,.,t,x,t
s,i,d,o,n,i,u,s,8,.,t,x,t
c,e,l,t,i,s,.,o,d,e,s,.,t,x,t
m,i,r,a,b,i,l,i,a,1,.,t,x,t
a,n,s,e,l,m,p,r,o,s,l,o,g,i,o,n,.,t,x,t
c,l,a,u,d,.,i,n,s,c,r,.,t,x,t
w,a,l,t,a,r,i,u,s,1,.,t,x,t
f,o,r,t,u,n,a,t,.,t,x,t
f,l,o,r,u,s,2,.,t,x,t
p,l,i,n,y,.,n,h,1,.,t,x,t
v,a,l,e,s,i,a,n,u,s,1,.,t,x,t
v,a,l,e,s,i,a,n,u,s,.,t,x,t
r,u,t,i,l,i,u,s,l,u,p,u,s,.,t,x,t
w,a,l,t,e,r,1,2,.,t,x,t
t,e,r,r,a,i,a,m,.,t,x,t
l,a,n,d,o,r,1,8,0,6,.,t,x,t
f,l,o,r,u,s,1,.,t,x,t
a,e,l,r,e,d,u,s,.,t,x,t
s,a,n,n,a,z,a,r,o,2,.,t,x,t
o,r,e,s,m,i,u,s,.,t,x,t
a,v,e,.,p,h,o,e,n,.,t,x,t
l,e,v,i,s,.,t,x,t
s,a,l,l,.,2,.,t,x,t
n,e,w,t,o,n,.,l,e,g,e,s,.,t,x,t
p,o,n,t,a,n,o,.,t,x,t
w,a,l,t,e,r,5,.,t,x,t
s,i,d,o,n,i,u,s,5,.,t,x,t
p,o,r,p,h,y,r,i,u,s,.,t,x,t
s,p,i,n,o,z,a,.,e,t,h,i,c,a,3,.,t,x,t
p,l,i,n,y,.,e,p,8,.,t,x,t
v,a,l,e,r,i,u,s,f,l,a,c,c,u,s,5,.,t,x,t
s,e,d,u,l,i,u,s,5,.,t,x,t
h,o,l,b,e,r,g,.,t,x,t
m,a,r,x,.,t,x,t
w,i,t,h,o,f,3,.,t,x,t
p,o,m,p,o,n,i,u,s,3,.,t,x,t
w,i,t,h,o,f,2,.,t,x,t
v,a,r,r,o,.,l,l,6,.,t,x,t
d,a,r,e,s,.,t,x,t
w,a,l,t,e,r,6,.,t,x,t
p,a,u,l,i,n,u,s,.,p,o,e,m,a,t,a,.,t,x,t
p,a,t,r,i,c,i,u,s,2,.,t,x,t
m,a,c,a,r,i,u,s,.,t,x,t
t,i,b,u,l,l,u,s,2,.,t,x,t
s,c,a,l,i,g,e,r,.,t,x,t
a,n,o,n,.,n,e,v,.,t,x,t
g,r,e,g,d,e,c,r,e,t,a,l,s,2,.,t,x,t
f,o,r,s,e,t,t,2,.,t,x,t
m,a,l,a,t,e,r,r,a,2,.,t,x,t
s,m,a,r,i,u,s,.,t,x,t
c,o,l,u,m,b,a,2,.,t,x,t
c,o,m,e,s,.,t,x,t
p,h,a,e,d,r,5,.,t,x,t
s,e,d,u,l,i,u,s,3,.,t,x,t
n,a,e,v,i,u,s,.,t,x,t
t,e,s,t,a,m,e,n,t,u,m,.,t,x,t
g,a,i,u,s,2,.,t,x,t
p,h,a,e,d,r,3,.,t,x,t
v,a,l,e,r,i,u,s,f,l,a,c,c,u,s,1,.,t,x,t
b,e,b,e,l,.,t,x,t
c,a,r,m,e,n,a,r,v,a,l,e,.,t,x,t
v,a,l,m,a,x,9,.,t,x,t
c,a,r,m,e,n,s,a,l,i,a,r,e,.,t,x,t
e,p,i,t,o,m,e,f,e,l,i,c,i,a,n,a,.,t,x,t
s,o,l,i,n,u,s,3,.,t,x,t
a,u,s,.,s,e,p,t,.,s,e,n,t,.,t,x,t
w,i,t,h,o,f,.,t,x,t
c,o,l,u,m,b,u,s,.,t,x,t
l,a,n,d,o,r,1,8,1,0,.,t,x,t
p,h,a,e,d,r,2,.,t,x,t
p,e,t,r,a,r,c,h,.,r,o,m,.,t,x,t
b,r,e,v,e,c,h,r,o,n,i,c,o,n,.,t,x,t
b,o,s,k,o,v,i,c,.,t,x,t
s,o,l,i,n,u,s,4,a,.,t,x,t
m,a,n,i,l,i,u,s,5,.,t,x,t
s,a,b,i,n,u,s,1,.,t,x,t
g,r,e,g,d,e,c,r,e,t,a,l,s,3,.,t,x,t
n,i,t,h,a,r,d,u,s,2,.,t,x,t
v,a,r,r,o,.,r,r,1,.,t,x,t
v,i,t,r,u,v,i,u,s,5,.,t,x,t
a,u,s,.,m,o,s,.,t,x,t
p,r,o,t,o,s,p,a,t,a,r,i,u,s,.,t,x,t
l,u,c,e,r,n,a,r,i,u,m,.,t,x,t
b,e,r,e,n,g,a,r,.,t,x,t
r,i,c,h,e,r,u,s,2,.,t,x,t
f,r,a,g,m,e,n,t,u,m,l,a,u,r,e,n,t,i,a,n,u,m,.,t,x,t
g,w,i,n,n,e,5,.,2,.,t,x,t
s,a,l,l,.,p,h,i,l,.,t,x,t
b,u,c,h,a,n,a,n,.,t,x,t
s,e,n,e,c,a,.,c,o,n,t,r,9,.,t,x,t
t,e,r,.,p,h,o,r,m,i,o,.,t,x,t
b,a,l,d,o,.,t,x,t
c,a,l,p,u,r,n,i,u,s,s,i,c,u,l,u,s,.,t,x,t
f,a,l,c,a,n,d,u,s,.,t,x,t
d,u,m,d,o,m,u,s,.,t,x,t
v,a,l,m,a,x,7,.,t,x,t
s,a,l,l,.,p,o,m,p,.,t,x,t
v,e,s,t,i,u,n,t,.,t,x,t
w,i,t,h,o,f,7,.,t,x,t
i,n,n,o,c,e,n,t,1,.,t,x,t
p,r,e,c,a,t,i,o,.,t,x,t
v,a,r,r,o,.,r,r,3,.,t,x,t
n,e,p,o,s,.,f,r,a,g,m,e,n,t,a,.,t,x,t
n,e,p,o,s,.,k,i,n,g,s,.,t,x,t
n,e,p,o,s,.,h,a,n,.,t,x,t
n,e,p,o,s,.,p,e,l,.,t,x,t
n,e,p,o,s,.,t,i,m,.,t,x,t
n,e,p,o,s,.,d,a,t,.,t,x,t
n,e,p,o,s,.,i,p,h,.,t,x,t
n,e,p,o,s,.,p,h,o,c,.,t,x,t
n,e,p,o,s,.,t,i,m,o,.,t,x,t
n,e,p,o,s,.,e,p,a,m,.,t,x,t
n,e,p,o,s,.,p,r,.,t,x,t
n,e,p,o,s,.,a,l,c,.,t,x,t
n,e,p,o,s,.,p,a,u,s,.,t,x,t
n,e,p,o,s,.,d,i,o,n,.,t,x,t
n,e,p,o,s,.,t,h,r,a,s,.,t,x,t
n,e,p,o,s,.,h,a,m,.,t,x,t
n,e,p,o,s,.,c,a,t,.,t,x,t
n,e,p,o,s,.,m,i,l,.,t,x,t
n,e,p,o,s,.,c,o,n,.,t,x,t
n,e,p,o,s,.,a,g,e,.,t,x,t
n,e,p,o,s,.,t,h,e,m,.,t,x,t
n,e,p,o,s,.,c,h,a,.,t,x,t
n,e,p,o,s,.,a,r,i,s,.,t,x,t
n,e,p,o,s,.,l,y,s,.,t,x,t
n,e,p,o,s,.,c,i,m,.,t,x,t
n,e,p,o,s,.,e,u,m,.,t,x,t
n,e,p,o,s,.,a,t,t,.,t,x,t
b,u,r,n,e,t,t,.,t,x,t
p,r,e,f,a,c,e,.,t,x,t
s,p,h,a,e,r,.,t,x,t
r,e,s,u,r,r,.,t,x,t
m,a,c,h,i,n,a,e,.,t,x,t
p,a,x,.,t,x,t
h,a,n,n,e,s,.,t,x,t
p,r,a,e,l,i,u,m,.,t,x,t
b,a,r,o,m,e,t,r,i,.,t,x,t
a,p,u,l,e,i,u,s,.,d,e,o,s,o,c,r,a,t,i,s,.,t,x,t
a,p,u,l,e,i,u,s,.,m,u,n,d,o,.,t,x,t
a,p,u,l,e,i,u,s,4,.,t,x,t
a,p,u,l,e,i,u,s,.,c,u,p,i,d,.,t,x,t
a,p,u,l,e,i,u,s,.,a,p,o,l,.,t,x,t
a,p,u,l,e,i,u,s,.,f,l,o,r,i,d,a,.,t,x,t
a,p,u,l,e,i,u,s,9,.,t,x,t
a,p,u,l,e,i,u,s,7,.,t,x,t
a,p,u,l,e,i,u,s,6,.,t,x,t
a,p,u,l,e,i,u,s,8,.,t,x,t
a,p,u,l,e,i,u,s,1,0,.,t,x,t
a,p,u,l,e,i,u,s,3,.,t,x,t
a,p,u,l,e,i,u,s,.,d,o,g,1,.,t,x,t
a,p,u,l,e,i,u,s,1,.,t,x,t
a,p,u,l,e,i,u,s,.,d,o,g,2,.,t,x,t
a,p,u,l,e,i,u,s,1,1,.,t,x,t
a,p,u,l,e,i,u,s,5,.,t,x,t
a,p,u,l,e,i,u,s,2,.,t,x,t
c,a,p,e,l,l,a,n,u,s,2,.,t,x,t
c,a,p,e,l,l,a,n,u,s,1,.,t,x,t
c,a,p,e,l,l,a,n,u,s,3,.,t,x,t
s,t,r,e,n,a,.,t,x,t
m,i,r,9,.,t,x,t
m,i,r,7,.,t,x,t
m,i,r,1,.,t,x,t
m,i,r,8,.,t,x,t
m,i,r,5,.,t,x,t
m,i,r,6,.,t,x,t
m,i,r,3,.,t,x,t
o,r,a,t,i,o,.,t,x,t
m,i,r,2,.,t,x,t
m,i,r,4,.,t,x,t
c,o,m,m,o,d,i,a,n,u,s,2,.,t,x,t
c,o,m,m,o,d,i,a,n,u,s,1,.,t,x,t
c,o,m,m,o,d,i,a,n,u,s,3,.,t,x,t
4,.,t,x,t
7,.,t,x,t
9,.,t,x,t
1,3,.,t,x,t
8,.,t,x,t
1,6,.,t,x,t
1,5,.,t,x,t
5,.,t,x,t
6,.,t,x,t
1,1,.,t,x,t
1,0,.,t,x,t
1,7,.,t,x,t
1,2,.,t,x,t
1,4,.,t,x,t
1,9,.,t,x,t
2,.,t,x,t
3,.,t,x,t
s,e,n,t,e,n,t,i,a,e,2,.,t,x,t
1,8,.,t,x,t
s,e,n,t,e,n,t,i,a,e,3,.,t,x,t
2,0,.,t,x,t
1,.,t,x,t
h,i,s,t,o,r,i,a,.,t,x,t
s,e,n,t,e,n,t,i,a,e,1,.,t,x,t
q,1,.,5,2,.,t,x,t
q,1,.,1,4,.,t,x,t
q,1,.,4,2,.,t,x,t
q,1,.,3,2,.,t,x,t
q,1,.,4,0,.,t,x,t
q,1,.,2,.,t,x,t
q,1,.,5,0,.,t,x,t
q,1,.,1,6,.,t,x,t
q,1,.,3,0,.,t,x,t
q,1,.,4,1,.,t,x,t
q,1,.,2,9,.,t,x,t
q,1,.,6,9,.,t,x,t
p,1,.,t,x,t
p,r,o,l,o,g,u,s,.,t,x,t
q,1,.,8,.,t,x,t
q,1,.,6,0,.,t,x,t
q,1,.,3,4,.,t,x,t
q,1,.,7,2,.,t,x,t
q,1,.,6,.,t,x,t
q,1,.,2,4,.,t,x,t
q,1,.,1,3,.,t,x,t
q,1,.,5,5,.,t,x,t
q,1,.,3,8,.,t,x,t
q,1,.,7,0,.,t,x,t
q,1,.,5,4,.,t,x,t
q,1,.,2,0,.,t,x,t
q,1,.,1,9,.,t,x,t
q,1,.,8,7,.,t,x,t
c,o,r,p,u,s,c,h,r,i,s,t,i,.,t,x,t
q,1,.,1,2,.,t,x,t
q,1,.,4,5,.,t,x,t
q,1,.,8,2,.,t,x,t
q,1,.,3,1,.,t,x,t
q,1,.,1,7,.,t,x,t
q,1,.,2,5,.,t,x,t
q,1,.,3,5,.,t,x,t
q,1,.,4,.,t,x,t
q,1,.,6,5,.,t,x,t
q,1,.,6,7,.,t,x,t
q,1,.,3,6,.,t,x,t
q,1,.,7,4,.,t,x,t
q,1,.,2,6,.,t,x,t
q,1,.,4,7,.,t,x,t
q,1,.,3,.,t,x,t
q,1,.,8,1,.,t,x,t
q,1,.,1,8,.,t,x,t
q,1,.,2,1,.,t,x,t
q,1,.,7,1,.,t,x,t
q,1,.,7,.,t,x,t
q,1,.,1,.,t,x,t
q,1,.,6,3,.,t,x,t
q,1,.,6,1,.,t,x,t
q,1,.,3,3,.,t,x,t
q,1,.,2,2,.,t,x,t
e,x,p,o,s,i,t,i,o,.,t,x,t
q,1,.,1,5,.,t,x,t
q,1,.,8,0,.,t,x,t
q,1,.,4,8,.,t,x,t
q,1,.,4,4,.,t,x,t
q,1,.,1,0,.,t,x,t
q,1,.,1,1,.,t,x,t
q,1,.,7,3,.,t,x,t
q,1,.,5,.,t,x,t
q,1,.,5,3,.,t,x,t
q,1,.,9,.,t,x,t
q,1,.,5,8,.,t,x,t
q,1,.,8,6,.,t,x,t
q,1,.,2,7,.,t,x,t
q,1,.,4,3,.,t,x,t
q,1,.,4,6,.,t,x,t
q,1,.,8,3,.,t,x,t
q,1,.,6,8,.,t,x,t
q,1,.,5,6,.,t,x,t
q,1,.,2,8,.,t,x,t
e,n,t,e,.,t,x,t
q,1,.,4,9,.,t,x,t
q,1,.,5,7,.,t,x,t
q,1,.,5,9,.,t,x,t
q,1,.,5,1,.,t,x,t
e,p,i,s,t,.,t,x,t
q,1,.,6,6,.,t,x,t
q,1,.,3,7,.,t,x,t
p,r,i,n,c,.,t,x,t
q,1,.,6,2,.,t,x,t
q,1,.,3,9,.,t,x,t
q,1,.,6,4,.,t,x,t
q,1,.,2,3,.,t,x,t
a,l,a,n,u,s,1,.,t,x,t
a,l,a,n,u,s,2,.,t,x,t
v,e,r,s,u,s,.,t,x,t
c,o,n,f,l,i,c,t,u,s,.,t,x,t
r,h,e,t,o,r,i,c,a,.,t,x,t
l,u,s,c,i,n,i,a,.,t,x,t
p,r,o,p,o,s,.,t,x,t
e,p,i,t,a,p,h,i,u,m,.,t,x,t
r,e,c,.,t,x,t
c,e,l,l,a,.,t,x,t
s,e,q,u,e,n,t,i,a,.,t,x,t
c,a,r,m,2,.,t,x,t
c,a,r,m,1,.,t,x,t
c,a,r,m,s,a,e,c,.,t,x,t
a,r,s,p,o,e,t,.,t,x,t
c,a,r,m,4,.,t,x,t
e,p,.,t,x,t
s,e,r,m,2,.,t,x,t
c,a,r,m,3,.,t,x,t
e,p,i,s,t,1,.,t,x,t
s,e,r,m,1,.,t,x,t
e,p,i,s,t,2,.,t,x,t
h,u,g,o,1,.,t,x,t
h,u,g,o,5,.,t,x,t
h,u,g,o,6,.,t,x,t
h,u,g,o,3,.,t,x,t
h,u,g,o,2,.,t,x,t
h,u,g,o,4,.,t,x,t
h,u,g,o,.,s,o,l,o,.,t,x,t
h,y,g,i,n,u,s,2,.,t,x,t
h,y,g,i,n,u,s,5,.,t,x,t
h,y,g,i,n,u,s,6,.,t,x,t
h,y,g,i,n,u,s,4,.,t,x,t
h,y,g,i,n,u,s,3,.,t,x,t
h,y,g,i,n,u,s,1,.,t,x,t
c,a,m,p,i,o,n,.,e,p,i,g,r,1,.,t,x,t
c,a,m,p,i,o,n,.,p,l,o,t,2,.,t,x,t
c,a,m,p,i,o,n,.,u,m,b,r,a,.,t,x,t
c,a,m,p,i,o,n,.,e,p,i,g,r,2,.,t,x,t
c,a,m,p,i,o,n,.,t,h,a,m,e,s,i,n,.,t,x,t
c,a,m,p,i,o,n,.,e,l,e,g,i,e,s,.,t,x,t
c,a,m,p,i,o,n,.,p,l,o,t,1,.,t,x,t
c,a,m,p,i,o,n,.,m,i,s,c,.,t,x,t
c,o,l,u,m,e,l,l,a,.,r,r,1,.,t,x,t
c,o,l,u,m,e,l,l,a,.,r,r,1,0,.,t,x,t
c,o,l,u,m,e,l,l,a,.,r,r,5,.,t,x,t
c,o,l,u,m,e,l,l,a,.,r,r,1,1,.,t,x,t
c,o,l,u,m,e,l,l,a,.,r,r,8,.,t,x,t
c,o,l,u,m,e,l,l,a,.,r,r,7,.,t,x,t
c,o,l,u,m,e,l,l,a,.,r,r,1,2,.,t,x,t
c,o,l,u,m,e,l,l,a,.,r,r,3,.,t,x,t
c,o,l,u,m,e,l,l,a,.,r,r,9,.,t,x,t
c,o,l,u,m,e,l,l,a,.,a,r,b,o,r,.,t,x,t
c,o,l,u,m,e,l,l,a,.,r,r,6,.,t,x,t
c,o,l,u,m,e,l,l,a,.,r,r,2,.,t,x,t
c,o,l,u,m,e,l,l,a,.,r,r,4,.,t,x,t
a,r,n,o,b,i,u,s,5,.,t,x,t
a,r,n,o,b,i,u,s,3,.,t,x,t
a,r,n,o,b,i,u,s,1,.,t,x,t
a,r,n,o,b,i,u,s,4,.,t,x,t
a,r,n,o,b,i,u,s,6,.,t,x,t
a,r,n,o,b,i,u,s,2,.,t,x,t
a,r,n,o,b,i,u,s,7,.,t,x,t
1,6,.,t,x,t
1,5,.,t,x,t
3,0,.,t,x,t
2,4,.,t,x,t
2,3,.,t,x,t
1,7,.,t,x,t
2,2,.,t,x,t
1,4,.,t,x,t
1,9,.,t,x,t
2,9,.,t,x,t
1,8,.,t,x,t
3,1,.,t,x,t
2,0,.,t,x,t
2,5,.,t,x,t
2,7,.,t,x,t
2,1,.,t,x,t
2,6,.,t,x,t
2,8,.,t,x,t
b,e,d,e,3,.,t,x,t
b,e,d,e,5,.,t,x,t
b,e,d,e,c,o,n,t,i,n,u,a,t,i,o,.,t,x,t
b,e,d,e,2,.,t,x,t
b,e,d,e,p,r,a,e,f,.,t,x,t
b,e,d,e,4,.,t,x,t
b,e,d,e,p,r,o,v,e,r,b,s,.,t,x,t
b,e,d,e,1,.,t,x,t
g,a,l,l,2,.,t,x,t
g,a,l,l,3,.,t,x,t
g,a,l,l,8,.,t,x,t
g,a,l,l,1,.,t,x,t
g,a,l,l,4,.,t,x,t
b,c,2,.,t,x,t
b,c,3,.,t,x,t
b,c,1,.,t,x,t
g,a,l,l,5,.,t,x,t
h,i,s,p,.,t,x,t
g,a,l,l,7,.,t,x,t
g,a,l,l,6,.,t,x,t
a,l,e,x,.,t,x,t
b,e,l,l,a,f,r,.,t,x,t
l,u,c,a,n,1,.,t,x,t
l,u,c,a,n,5,.,t,x,t
l,u,c,a,n,6,.,t,x,t
l,u,c,a,n,1,0,.,t,x,t
l,u,c,a,n,9,.,t,x,t
l,u,c,a,n,4,.,t,x,t
l,u,c,a,n,8,.,t,x,t
l,u,c,a,n,7,.,t,x,t
l,u,c,a,n,3,.,t,x,t
l,u,c,a,n,2,.,t,x,t
g,e,l,l,i,u,s,c,a,p,i,t,u,l,a,.,t,x,t
g,e,l,l,i,u,s,7,.,t,x,t
g,e,l,l,i,u,s,8,.,t,x,t
g,e,l,l,i,u,s,2,.,t,x,t
g,e,l,l,i,u,s,1,1,.,t,x,t
g,e,l,l,i,u,s,3,.,t,x,t
g,e,l,l,i,u,s,p,r,a,e,f,.,t,x,t
g,e,l,l,i,u,s,4,.,t,x,t
g,e,l,l,i,u,s,1,3,.,t,x,t
g,e,l,l,i,u,s,5,.,t,x,t
g,e,l,l,i,u,s,6,.,t,x,t
g,e,l,l,i,u,s,1,0,.,t,x,t
g,e,l,l,i,u,s,9,.,t,x,t
g,e,l,l,i,u,s,1,.,t,x,t
g,e,l,l,i,u,s,2,0,.,t,x,t
s,i,l,i,u,s,1,6,.,t,x,t
s,i,l,i,u,s,1,2,.,t,x,t
s,i,l,i,u,s,9,.,t,x,t
s,i,l,i,u,s,7,.,t,x,t
s,i,l,i,u,s,1,5,.,t,x,t
s,i,l,i,u,s,2,.,t,x,t
s,i,l,i,u,s,1,0,.,t,x,t
s,i,l,i,u,s,8,.,t,x,t
s,i,l,i,u,s,1,.,t,x,t
s,i,l,i,u,s,3,.,t,x,t
s,i,l,i,u,s,1,1,.,t,x,t
s,i,l,i,u,s,1,4,.,t,x,t
s,i,l,i,u,s,4,.,t,x,t
s,i,l,i,u,s,1,7,.,t,x,t
s,i,l,i,u,s,1,3,.,t,x,t
s,i,l,i,u,s,5,.,t,x,t
s,i,l,i,u,s,6,.,t,x,t
v,i,t,a,p,a,u,l,i,.,t,x,t
e,p,i,s,t,u,l,a,e,.,t,x,t
c,o,n,t,r,a,i,o,a,n,n,e,m,.,t,x,t
v,i,t,a,m,a,l,c,h,u,s,.,t,x,t
k,e,m,p,i,s,3,.,t,x,t
k,e,m,p,i,s,4,.,t,x,t
k,e,m,p,i,s,2,.,t,x,t
k,e,m,p,i,s,1,.,t,x,t
m,u,s,i,c,a,.,t,x,t
v,a,r,i,a,6,.,t,x,t
v,a,r,i,a,9,.,t,x,t
o,r,a,t,i,o,n,e,s,.,t,x,t
v,a,r,i,a,2,.,t,x,t
v,a,r,i,a,5,.,t,x,t
v,a,r,i,a,1,0,.,t,x,t
v,a,r,i,a,8,.,t,x,t
a,n,i,m,a,.,t,x,t
v,a,r,i,a,1,1,.,t,x,t
v,a,r,i,a,1,2,.,t,x,t
v,a,r,i,a,3,.,t,x,t
e,p,i,s,t,.,t,x,t
v,a,r,i,a,1,.,t,x,t
v,a,r,i,a,4,.,t,x,t
v,a,r,i,a,.,p,r,a,e,f,.,t,x,t
v,a,r,i,a,7,.,t,x,t
j,o,h,n,3,.,t,x,t
t,i,m,o,t,h,y,2,.,t,x,t
a,c,t,s,.,t,x,t
c,o,r,i,n,t,h,i,a,n,s,1,.,t,x,t
j,o,h,n,.,t,x,t
e,z,r,a,.,t,x,t
o,b,a,d,i,a,h,.,t,x,t
p,e,t,e,r,2,.,t,x,t
r,e,v,e,l,a,t,i,o,n,.,t,x,t
p,r,o,l,o,g,i,.,t,x,t
p,e,t,e,r,1,.,t,x,t
p,s,a,l,m,s,.,t,x,t
t,i,t,u,m,.,t,x,t
t,i,m,o,t,h,y,1,.,t,x,t
e,s,d,r,a,s,2,.,t,x,t
e,x,o,d,u,s,.,t,x,t
j,a,m,e,s,.,t,x,t
j,o,s,h,u,a,.,t,x,t
e,z,e,k,i,e,l,.,t,x,t
h,a,g,g,a,i,.,t,x,t
d,e,u,t,e,r,o,n,o,m,y,.,t,x,t
m,a,r,k,.,t,x,t
c,h,r,o,n,i,c,l,e,s,1,.,t,x,t
j,o,h,n,2,.,t,x,t
m,i,c,a,h,.,t,x,t
r,o,m,a,n,s,.,t,x,t
j,o,b,.,t,x,t
e,s,t,h,e,r,.,t,x,t
j,u,d,e,.,t,x,t
l,a,m,e,n,t,a,t,i,o,n,s,.,t,x,t
l,u,k,e,.,t,x,t
e,c,c,l,e,s,i,a,s,t,e,s,.,t,x,t
i,s,a,i,a,h,.,t,x,t
j,u,d,g,e,s,.,t,x,t
t,o,b,i,a,.,t,x,t
k,i,n,g,s,2,.,t,x,t
s,i,r,a,c,h,.,t,x,t
g,a,l,a,t,i,a,n,s,.,t,x,t
c,h,r,o,n,i,c,l,e,s,2,.,t,x,t
m,a,t,t,h,e,w,.,t,x,t
n,a,h,u,m,.,t,x,t
g,e,n,e,s,i,s,.,t,x,t
m,a,l,a,c,h,i,a,s,.,t,x,t
t,h,e,s,s,a,l,o,n,i,a,n,s,2,.,t,x,t
a,m,o,s,.,t,x,t
c,o,l,o,s,s,i,a,n,s,.,t,x,t
j,u,d,i,t,h,.,t,x,t
h,a,b,a,k,k,u,k,.,t,x,t
e,s,d,r,a,s,1,.,t,x,t
p,h,i,l,i,p,.,t,x,t
k,i,n,g,s,1,.,t,x,t
z,a,c,h,a,r,i,a,s,.,t,x,t
w,i,s,d,o,m,.,t,x,t
t,h,e,s,s,a,l,o,n,i,a,n,s,1,.,t,x,t
j,o,h,n,1,.,t,x,t
s,o,n,g,o,f,s,o,n,g,s,.,t,x,t
s,a,m,u,e,l,1,.,t,x,t
c,o,r,i,n,t,h,i,a,n,s,2,.,t,x,t
n,u,m,b,e,r,s,.,t,x,t
p,h,i,l,e,m,o,n,.,t,x,t
d,a,n,i,e,l,.,t,x,t
j,o,n,a,h,.,t,x,t
m,a,c,a,b,e,e,s,2,.,t,x,t
l,e,v,i,t,i,c,u,s,.,t,x,t
s,a,m,u,e,l,2,.,t,x,t
h,e,b,r,e,w,s,.,t,x,t
b,a,r,u,c,h,.,t,x,t
m,a,n,a,s,s,e,s,.,t,x,t
p,r,o,v,e,r,b,s,.,t,x,t
n,e,h,e,m,i,a,h,.,t,x,t
m,a,c,a,b,e,e,s,1,.,t,x,t
j,o,e,l,.,t,x,t
z,e,p,h,a,n,i,a,h,.,t,x,t
e,p,h,e,s,i,a,n,s,.,t,x,t
r,u,t,h,.,t,x,t
h,o,s,e,a,.,t,x,t
j,e,r,e,m,i,a,h,.,t,x,t
l,i,v,.,p,e,r,3,3,.,t,x,t
l,i,v,.,p,e,r,3,5,.,t,x,t
l,i,v,.,p,e,r,9,7,.,t,x,t
l,i,v,.,p,e,r,9,0,.,t,x,t
l,i,v,.,3,0,.,t,x,t
l,i,v,.,p,e,r,1,2,5,.,t,x,t
l,i,v,.,p,e,r,4,7,.,t,x,t
l,i,v,.,p,e,r,5,0,.,t,x,t
l,i,v,.,p,e,r,7,6,.,t,x,t
l,i,v,.,p,e,r,8,1,.,t,x,t
l,i,v,.,2,3,.,t,x,t
l,i,v,.,p,e,r,1,3,1,.,t,x,t
l,i,v,.,p,e,r,1,9,.,t,x,t
l,i,v,.,p,e,r,1,0,0,.,t,x,t
l,i,v,.,p,e,r,1,1,5,.,t,x,t
l,i,v,.,p,e,r,5,2,.,t,x,t
l,i,v,.,p,e,r,4,5,.,t,x,t
l,i,v,.,3,2,.,t,x,t
l,i,v,.,p,e,r,3,6,.,t,x,t
l,i,v,.,p,e,r,8,8,.,t,x,t
l,i,v,.,p,e,r,6,0,.,t,x,t
l,i,v,.,p,e,r,1,3,6,-,7,.,t,x,t
l,i,v,.,p,e,r,6,1,.,t,x,t
l,i,v,.,p,e,r,1,0,7,.,t,x,t
l,i,v,.,p,e,r,8,3,.,t,x,t
l,i,v,.,p,e,r,4,9,.,t,x,t
l,i,v,.,3,9,.,t,x,t
l,i,v,.,p,e,r,8,2,.,t,x,t
l,i,v,.,4,3,.,t,x,t
l,i,v,.,3,7,.,t,x,t
l,i,v,.,p,e,r,6,4,.,t,x,t
l,i,v,.,3,3,.,t,x,t
l,i,v,.,p,e,r,9,3,.,t,x,t
l,i,v,.,p,e,r,7,1,.,t,x,t
l,i,v,.,p,e,r,1,4,2,.,t,x,t
l,i,v,.,p,e,r,7,2,.,t,x,t
l,i,v,.,3,1,.,t,x,t
l,i,v,.,p,e,r,4,8,.,t,x,t
l,i,v,.,p,e,r,8,6,.,t,x,t
l,i,v,.,p,e,r,5,4,.,t,x,t
l,i,v,.,p,e,r,3,2,.,t,x,t
l,i,v,.,p,e,r,2,7,.,t,x,t
l,i,v,.,p,e,r,1,0,.,t,x,t
l,i,v,.,1,0,.,t,x,t
l,i,v,.,p,e,r,2,8,.,t,x,t
l,i,v,.,p,e,r,1,0,9,.,t,x,t
l,i,v,.,p,e,r,1,1,4,.,t,x,t
l,i,v,.,p,e,r,9,2,.,t,x,t
l,i,v,.,p,e,r,1,1,1,.,t,x,t
l,i,v,.,3,8,.,t,x,t
l,i,v,.,p,e,r,9,5,.,t,x,t
l,i,v,.,p,e,r,2,5,.,t,x,t
l,i,v,.,p,e,r,3,.,t,x,t
l,i,v,.,p,e,r,2,1,.,t,x,t
l,i,v,.,p,e,r,1,1,2,.,t,x,t
l,i,v,.,p,e,r,9,6,.,t,x,t
l,i,v,.,p,e,r,1,2,2,.,t,x,t
l,i,v,.,p,e,r,1,2,0,.,t,x,t
l,i,v,.,p,e,r,1,7,.,t,x,t
l,i,v,.,p,e,r,3,4,.,t,x,t
l,i,v,.,4,4,.,t,x,t
l,i,v,.,p,e,r,9,1,.,t,x,t
l,i,v,.,p,e,r,1,3,2,.,t,x,t
l,i,v,.,p,e,r,4,2,.,t,x,t
l,i,v,.,p,e,r,5,1,.,t,x,t
l,i,v,.,p,e,r,1,3,9,.,t,x,t
l,i,v,.,p,e,r,2,6,.,t,x,t
l,i,v,.,p,e,r,1,0,2,.,t,x,t
l,i,v,.,p,e,r,3,8,.,t,x,t
l,i,v,.,p,e,r,5,5,.,t,x,t
l,i,v,.,1,.,t,x,t
l,i,v,.,p,e,r,1,3,4,.,t,x,t
l,i,v,.,2,7,.,t,x,t
l,i,v,.,p,e,r,2,.,t,x,t
l,i,v,.,p,e,r,1,6,.,t,x,t
l,i,v,.,3,.,t,x,t
l,i,v,.,p,e,r,4,4,.,t,x,t
l,i,v,.,p,e,r,4,1,.,t,x,t
l,i,v,.,p,e,r,7,5,.,t,x,t
l,i,v,.,2,8,.,t,x,t
l,i,v,.,p,e,r,1,8,.,t,x,t
l,i,v,.,p,e,r,6,.,t,x,t
l,i,v,.,p,e,r,1,5,.,t,x,t
l,i,v,.,p,e,r,3,0,.,t,x,t
l,i,v,.,p,e,r,8,9,.,t,x,t
l,i,v,.,p,e,r,1,.,t,x,t
l,i,v,.,p,e,r,7,3,.,t,x,t
l,i,v,.,7,.,t,x,t
l,i,v,.,p,e,r,8,5,.,t,x,t
l,i,v,.,p,e,r,7,4,.,t,x,t
l,i,v,.,p,e,r,1,2,8,.,t,x,t
l,i,v,.,p,e,r,1,0,8,.,t,x,t
l,i,v,.,2,4,.,t,x,t
l,i,v,.,p,e,r,7,.,t,x,t
l,i,v,.,p,e,r,7,8,.,t,x,t
l,i,v,.,p,e,r,1,4,.,t,x,t
l,i,v,.,p,e,r,2,3,.,t,x,t
l,i,v,.,p,e,r,8,0,.,t,x,t
l,i,v,.,3,6,.,t,x,t
l,i,v,.,p,e,r,5,9,.,t,x,t
l,i,v,.,p,e,r,1,1,3,.,t,x,t
l,i,v,.,2,1,.,t,x,t
l,i,v,.,3,5,.,t,x,t
l,i,v,.,p,e,r,6,2,.,t,x,t
l,i,v,.,p,e,r,1,1,8,.,t,x,t
l,i,v,.,p,e,r,1,1,6,.,t,x,t
l,i,v,.,p,e,r,4,6,.,t,x,t
l,i,v,.,5,.,t,x,t
l,i,v,.,3,4,.,t,x,t
l,i,v,.,p,e,r,1,0,3,.,t,x,t
l,i,v,.,p,e,r,1,2,3,.,t,x,t
l,i,v,.,p,e,r,4,3,.,t,x,t
l,i,v,.,p,e,r,5,3,.,t,x,t
l,i,v,.,2,9,.,t,x,t
l,i,v,.,p,e,r,1,0,4,.,t,x,t
l,i,v,.,p,e,r,1,2,7,.,t,x,t
l,i,v,.,p,e,r,1,1,7,.,t,x,t
l,i,v,.,2,6,.,t,x,t
l,i,v,.,p,e,r,6,5,.,t,x,t
l,i,v,.,p,e,r,1,1,0,.,t,x,t
l,i,v,.,p,e,r,3,1,.,t,x,t
l,i,v,.,2,2,.,t,x,t
l,i,v,.,4,.,t,x,t
l,i,v,.,2,5,.,t,x,t
l,i,v,.,p,e,r,5,7,.,t,x,t
l,i,v,.,4,1,.,t,x,t
l,i,v,.,p,e,r,1,3,8,.,t,x,t
l,i,v,.,p,e,r,7,7,.,t,x,t
l,i,v,.,p,e,r,2,0,.,t,x,t
l,i,v,.,4,5,.,t,x,t
l,i,v,.,p,r,.,t,x,t
l,i,v,.,p,e,r,1,0,1,.,t,x,t
l,i,v,.,p,e,r,8,.,t,x,t
l,i,v,.,p,e,r,8,4,.,t,x,t
l,i,v,.,2,.,t,x,t
l,i,v,.,p,e,r,3,7,.,t,x,t
l,i,v,.,p,e,r,9,4,.,t,x,t
l,i,v,.,9,.,t,x,t
l,i,v,.,p,e,r,1,4,1,.,t,x,t
l,i,v,.,p,e,r,1,4,0,.,t,x,t
l,i,v,.,p,e,r,2,9,.,t,x,t
l,i,v,.,p,e,r,6,9,.,t,x,t
l,i,v,.,p,e,r,9,8,.,t,x,t
l,i,v,.,p,e,r,9,9,.,t,x,t
l,i,v,.,p,e,r,1,2,6,.,t,x,t
l,i,v,.,p,e,r,6,7,.,t,x,t
l,i,v,.,p,e,r,2,2,.,t,x,t
l,i,v,.,p,e,r,9,.,t,x,t
l,i,v,.,p,e,r,1,3,0,.,t,x,t
l,i,v,.,p,e,r,1,2,4,.,t,x,t
l,i,v,.,p,e,r,7,0,.,t,x,t
l,i,v,.,p,e,r,1,2,9,.,t,x,t
l,i,v,.,p,e,r,3,9,.,t,x,t
l,i,v,.,6,.,t,x,t
l,i,v,.,p,e,r,1,1,.,t,x,t
l,i,v,.,p,e,r,1,2,.,t,x,t
l,i,v,.,p,e,r,6,8,.,t,x,t
l,i,v,.,p,e,r,1,3,.,t,x,t
l,i,v,.,p,e,r,5,.,t,x,t
l,i,v,.,p,e,r,1,0,6,.,t,x,t
l,i,v,.,p,e,r,4,.,t,x,t
l,i,v,.,p,e,r,2,4,.,t,x,t
l,i,v,.,p,e,r,5,8,.,t,x,t
l,i,v,.,p,e,r,7,9,.,t,x,t
l,i,v,.,8,.,t,x,t
l,i,v,.,p,e,r,4,0,.,t,x,t
l,i,v,.,p,e,r,1,2,1,.,t,x,t
l,i,v,.,p,e,r,8,7,.,t,x,t
l,i,v,.,p,e,r,1,1,9,.,t,x,t
l,i,v,.,p,e,r,6,3,.,t,x,t
l,i,v,.,4,2,.,t,x,t
l,i,v,.,p,e,r,1,0,5,.,t,x,t
l,i,v,.,4,0,.,t,x,t
l,i,v,.,p,e,r,5,6,.,t,x,t
l,i,v,.,p,e,r,.,t,x,t
l,i,v,.,p,e,r,6,6,.,t,x,t
l,i,v,.,p,e,r,1,3,5,.,t,x,t
l,i,v,.,p,e,r,1,3,3,.,t,x,t
d,i,a,d,.,t,x,t
c,l,o,d,.,t,x,t
a,v,i,d,.,t,x,t
p,e,r,t,.,t,x,t
c,a,r,u,s,.,t,x,t
g,o,r,d,.,t,x,t
m,a,x,.,t,x,t
m,a,x,b,a,l,.,t,x,t
g,a,l,l,.,t,x,t
c,a,r,.,t,x,t
3,0,.,t,x,t
s,e,p,s,e,v,.,t,x,t
d,i,d,i,u,l,.,t,x,t
p,r,o,b,u,s,.,t,x,t
g,e,t,a,.,t,x,t
v,e,r,u,s,.,t,x,t
p,e,s,c,.,t,x,t
a,u,r,e,l,.,t,x,t
f,i,r,m,u,s,.,t,x,t
a,n,t,.,t,x,t
h,a,d,r,.,t,x,t
a,l,e,x,s,e,v,.,t,x,t
h,e,l,i,o,.,t,x,t
a,e,l,i,i,.,t,x,t
v,a,l,.,t,x,t
m,a,c,.,t,x,t
c,l,a,u,d,.,t,x,t
c,o,m,.,t,x,t
m,a,r,c,a,n,t,.,t,x,t
t,a,c,i,t,u,s,.,t,x,t
g,a,l,i,l,e,o,.,s,i,d,.,t,x,t
s,e,b,.,t,x,t
i,a,c,o,b,.,t,x,t
c,h,r,i,s,.,t,x,t
m,a,r,i,a,m,a,g,.,t,x,t
b,l,a,s,.,t,x,t
j,u,d,.,t,x,t
v,i,n,.,t,x,t
m,a,r,i,n,a,.,t,x,t
s,e,p,t,e,m,.,t,x,t
f,r,a,n,.,t,x,t
i,u,l,.,t,x,t
a,m,b,r,o,.,t,x,t
m,a,r,c,.,t,x,t
a,n,a,s,t,.,t,x,t
g,e,o,r,g,i,o,.,t,x,t
p,a,u,l,o,.,t,x,t
l,u,c,.,t,x,t
t,h,o,m,.,t,x,t
a,l,e,x,i,o,.,t,x,t
n,i,c,.,t,x,t
a,n,t,.,t,x,t
v,i,r,.,t,x,t
a,n,d,r,e,a,.,t,x,t
s,i,l,v,.,t,x,t
4,.,t,x,t
7,.,t,x,t
9,.,t,x,t
1,3,.,t,x,t
8,.,t,x,t
1,6,.,t,x,t
1,5,.,t,x,t
5,.,t,x,t
6,.,t,x,t
1,1,.,t,x,t
1,0,.,t,x,t
1,2,.,t,x,t
1,4,.,t,x,t
2,.,t,x,t
3,.,t,x,t
1,.,t,x,t
s,e,n,e,c,a,.,e,p,9,.,t,x,t
s,e,n,e,c,a,.,e,p,3,.,t,x,t
s,e,n,e,c,a,.,e,p,1,4,-,1,5,.,t,x,t
s,e,n,.,a,g,a,m,e,m,n,o,n,.,t,x,t
s,e,n,e,c,a,.,e,p,6,.,t,x,t
s,e,n,.,c,o,n,s,o,l,a,t,i,o,n,e,2,.,t,x,t
s,e,n,e,c,a,.,e,p,1,1,-,1,3,.,t,x,t
s,e,n,.,i,r,a,3,.,t,x,t
s,e,n,.,q,n,6,.,t,x,t
s,e,n,.,q,n,7,.,t,x,t
b,e,n,3,.,t,x,t
s,e,n,.,q,n,3,.,t,x,t
s,e,n,.,a,p,o,c,.,t,x,t
s,e,n,e,c,a,.,e,p,8,.,t,x,t
s,e,n,e,c,a,.,e,p,1,9,.,t,x,t
s,e,n,.,h,e,r,c,u,l,e,s,.,t,x,t
s,e,n,.,q,n,4,.,t,x,t
s,e,n,.,p,r,o,v,e,r,b,s,.,t,x,t
s,e,n,.,q,n,1,.,t,x,t
s,e,n,e,c,a,.,e,p,1,.,t,x,t
s,e,n,e,c,a,.,e,p,4,.,t,x,t
s,e,n,.,i,r,a,1,.,t,x,t
s,e,n,e,c,a,.,e,p,1,7,-,1,8,.,t,x,t
o,c,t,a,v,i,a,.,t,x,t
s,e,n,.,q,n,5,.,t,x,t
s,e,n,.,m,e,d,e,a,.,t,x,t
s,e,n,e,c,a,.,e,p,2,2,.,t,x,t
s,e,n,.,i,r,a,2,.,t,x,t
s,e,n,e,c,a,.,e,p,5,.,t,x,t
s,e,n,.,c,o,n,s,o,l,a,t,i,o,n,e,1,.,t,x,t
s,e,n,e,c,a,.,e,p,1,0,.,t,x,t
s,e,n,.,t,h,y,e,s,t,e,s,.,t,x,t
s,e,n,.,q,n,2,.,t,x,t
b,e,n,2,.,t,x,t
s,e,n,e,c,a,.,e,p,7,.,t,x,t
s,e,n,.,c,o,n,s,o,l,a,t,i,o,n,e,3,.,t,x,t
s,e,n,.,p,h,a,e,d,r,a,.,t,x,t
s,e,n,e,c,a,.,e,p,2,.,t,x,t
b,e,n,1,.,t,x,t
s,e,n,.,v,i,t,a,.,t,x,t
s,e,n,.,t,r,a,n,q,.,t,x,t
s,e,n,.,b,r,e,v,i,t,a,.,t,x,t
s,e,n,.,p,h,o,e,n,.,t,x,t
s,e,n,.,c,o,n,s,t,a,n,t,i,a,.,t,x,t
s,e,n,.,o,e,d,i,p,u,s,.,t,x,t
s,e,n,.,o,t,i,o,.,t,x,t
s,e,n,e,c,a,.,e,p,1,6,.,t,x,t
s,e,n,e,c,a,.,e,p,2,0,.,t,x,t
s,e,n,.,p,r,o,v,.,t,x,t
s,e,n,.,c,l,e,m,.,t,x,t
c,l,a,u,d,i,a,n,.,o,l,y,b,.,t,x,t
c,l,a,u,d,i,a,n,.,r,u,f,1,.,t,x,t
c,l,a,u,d,i,a,n,.,c,o,n,s,6,.,t,x,t
c,l,a,u,d,i,a,n,.,p,r,o,s,e,r,p,1,.,t,x,t
c,l,a,u,d,i,a,n,.,p,r,o,s,e,r,p,3,.,t,x,t
c,l,a,u,d,i,a,n,.,p,r,o,s,e,r,p,2,.,t,x,t
h,i,s,t,1,.,t,x,t
h,i,s,t,r,o,m,1,5,.,t,x,t
h,i,s,t,r,o,m,7,.,t,x,t
h,i,s,t,r,o,m,1,2,.,t,x,t
h,i,s,t,6,.,t,x,t
h,i,s,t,4,.,t,x,t
h,i,s,t,r,o,m,1,0,.,t,x,t
h,i,s,t,r,o,m,3,.,t,x,t
h,i,s,t,r,o,m,1,6,.,t,x,t
h,i,s,t,5,.,t,x,t
h,i,s,t,r,o,m,8,.,t,x,t
h,i,s,t,r,o,m,1,3,.,t,x,t
h,i,s,t,r,o,m,1,4,.,t,x,t
h,i,s,t,r,o,m,1,.,t,x,t
h,i,s,t,r,o,m,1,1,.,t,x,t
h,i,s,t,r,o,m,2,.,t,x,t
h,i,s,t,2,.,t,x,t
h,i,s,t,r,o,m,9,.,t,x,t
h,i,s,t,r,o,m,5,.,t,x,t
h,i,s,t,r,o,m,4,.,t,x,t
f,a,b,u,l,a,e,.,t,x,t
c,a,r,m,i,n,a,.,t,x,t
h,i,s,t,3,.,t,x,t
h,i,s,t,r,o,m,6,.,t,x,t
q,u,i,n,c,.,t,x,t
m,u,r,e,n,a,.,t,x,t
s,u,l,l,a,.,t,x,t
r,e,p,u,b,6,.,t,x,t
f,a,m,2,.,t,x,t
a,t,t,7,.,t,x,t
m,i,l,o,.,t,x,t
f,a,m,1,4,.,t,x,t
t,u,s,c,1,.,t,x,t
b,a,l,b,o,.,t,x,t
v,a,t,i,n,.,t,x,t
a,t,t,1,5,.,t,x,t
o,f,f,2,.,t,x,t
c,o,m,p,e,t,.,t,x,t
c,a,t,2,.,t,x,t
a,t,t,9,.,t,x,t
a,m,i,c,.,t,x,t
p,l,a,n,c,i,o,.,t,x,t
p,h,i,l,1,1,.,t,x,t
o,f,f,3,.,t,x,t
i,n,v,e,n,t,i,o,n,e,1,.,t,x,t
a,t,t,2,.,t,x,t
a,t,t,1,2,.,t,x,t
f,i,n,2,.,t,x,t
c,o,n,s,u,l,a,t,u,.,t,x,t
p,h,i,l,5,.,t,x,t
p,h,i,l,3,.,t,x,t
f,a,m,1,.,t,x,t
p,h,i,l,8,.,t,x,t
f,a,m,1,0,.,t,x,t
f,a,m,7,.,t,x,t
a,t,t,1,6,.,t,x,t
p,h,i,l,2,.,t,x,t
o,f,f,1,.,t,x,t
l,e,g,a,g,r,2,.,t,x,t
h,a,r,u,s,p,i,c,u,m,.,t,x,t
p,o,s,t,r,e,d,i,t,u,m,2,.,t,x,t
a,t,t,1,.,t,x,t
f,a,m,1,6,.,t,x,t
t,u,s,c,2,.,t,x,t
c,a,t,3,.,t,x,t
s,c,a,u,r,o,.,t,x,t
o,r,a,t,o,r,.,t,x,t
a,t,t,5,.,t,x,t
p,h,i,l,6,.,t,x,t
o,r,a,t,o,r,e,1,.,t,x,t
a,t,t,1,3,.,t,x,t
f,a,m,1,1,.,t,x,t
c,a,e,c,i,n,a,.,t,x,t
p,h,i,l,1,4,.,t,x,t
a,r,c,h,.,t,x,t
r,e,p,u,b,1,.,t,x,t
s,e,n,e,c,t,u,t,e,.,t,x,t
p,r,o,v,.,t,x,t
p,o,s,t,r,e,d,i,t,u,m,.,t,x,t
a,t,t,1,1,.,t,x,t
v,e,r,r,e,s,.,2,.,1,.,t,x,t
d,i,v,i,n,a,t,i,o,n,e,1,.,t,x,t
f,i,n,5,.,t,x,t
t,u,s,c,5,.,t,x,t
l,e,g,2,.,t,x,t
t,o,p,i,c,a,.,t,x,t
c,a,e,l,.,t,x,t
p,h,i,l,1,3,.,t,x,t
v,e,r,r,e,s,.,2,.,3,.,t,x,t
p,h,i,l,4,.,t,x,t
r,e,p,u,b,2,.,t,x,t
f,a,t,o,.,t,x,t
a,d,b,r,u,t,u,m,1,.,t,x,t
p,a,r,t,i,t,i,o,n,e,.,t,x,t
f,o,n,t,e,i,o,.,t,x,t
l,e,g,a,g,r,1,.,t,x,t
r,e,p,u,b,3,.,t,x,t
d,o,m,o,.,t,x,t
s,e,x,.,r,o,s,c,.,t,x,t
v,e,r,r,e,s,.,2,.,5,.,t,x,t
f,a,m,8,.,t,x,t
i,n,v,e,n,t,i,o,n,e,2,.,t,x,t
m,a,r,c,.,t,x,t
a,c,a,d,.,t,x,t
d,e,i,o,.,t,x,t
o,r,a,t,o,r,e,2,.,t,x,t
f,l,a,c,c,o,.,t,x,t
n,d,2,.,t,x,t
d,i,v,i,n,a,t,i,o,n,e,2,.,t,x,t
s,e,s,t,i,o,.,t,x,t
l,e,g,3,.,t,x,t
a,t,t,4,.,t,x,t
t,u,s,c,3,.,t,x,t
r,a,b,i,r,i,o,.,t,x,t
a,t,t,3,.,t,x,t
f,r,a,t,r,e,m,1,.,t,x,t
c,a,e,c,i,l,i,u,m,.,t,x,t
f,a,m,5,.,t,x,t
v,e,r,r,e,s,.,2,.,4,.,t,x,t
l,i,g,.,t,x,t
f,a,m,9,.,t,x,t
i,m,p,.,t,x,t
n,d,3,.,t,x,t
f,a,m,1,5,.,t,x,t
f,a,m,3,.,t,x,t
l,e,g,1,.,t,x,t
r,o,s,c,c,o,m,.,t,x,t
f,a,m,4,.,t,x,t
v,e,r,1,.,t,x,t
f,a,m,6,.,t,x,t
o,r,a,t,o,r,e,3,.,t,x,t
p,h,i,l,1,0,.,t,x,t
r,a,b,i,r,i,o,p,o,s,t,.,t,x,t
r,e,p,u,b,5,.,t,x,t
p,h,i,l,7,.,t,x,t
p,h,i,l,9,.,t,x,t
p,h,i,l,1,.,t,x,t
f,a,m,1,3,.,t,x,t
p,a,r,a,d,o,x,a,.,t,x,t
p,i,s,o,.,t,x,t
l,e,g,a,g,r,3,.,t,x,t
c,a,t,4,.,t,x,t
n,d,1,.,t,x,t
c,l,u,e,n,t,i,o,.,t,x,t
t,u,s,c,4,.,t,x,t
p,h,i,l,1,2,.,t,x,t
f,i,n,3,.,t,x,t
v,e,r,r,e,s,.,2,.,2,.,t,x,t
a,t,t,1,4,.,t,x,t
b,r,u,t,.,t,x,t
c,a,t,1,.,t,x,t
f,i,n,4,.,t,x,t
a,t,t,1,0,.,t,x,t
o,p,t,g,e,n,.,t,x,t
a,d,b,r,u,t,u,m,2,.,t,x,t
a,t,t,8,.,t,x,t
f,r,a,t,r,e,m,3,.,t,x,t
f,a,m,1,2,.,t,x,t
f,i,n,1,.,t,x,t
a,t,t,6,.,t,x,t
r,e,p,u,b,4,.,t,x,t
f,r,a,t,r,e,m,2,.,t,x,t
m,a,y,5,.,t,x,t
m,a,y,3,.,t,x,t
m,a,y,4,.,t,x,t
m,a,y,2,.,t,x,t
m,a,y,7,.,t,x,t
m,a,y,t,i,t,l,e,.,t,x,t
m,a,y,1,.,t,x,t
m,a,y,6,.,t,x,t
b,a,c,o,n,.,p,r,a,e,f,a,t,i,o,.,t,x,t
b,a,c,o,n,.,p,r,a,e,f,a,t,i,o,2,.,t,x,t
b,a,c,o,n,.,h,i,s,t,6,.,t,x,t
b,a,c,o,n,.,l,i,b,e,r,2,.,t,x,t
b,a,c,o,n,.,h,i,s,t,1,0,.,t,x,t
b,a,c,o,n,.,h,i,s,t,3,.,t,x,t
b,a,c,o,n,.,h,i,s,t,5,.,t,x,t
b,a,c,o,n,.,h,i,s,t,2,.,t,x,t
b,a,c,o,n,.,i,n,t,r,o,.,t,x,t
b,a,c,o,n,.,h,i,s,t,1,.,t,x,t
b,a,c,o,n,.,h,i,s,t,8,.,t,x,t
b,a,c,o,n,.,h,i,s,t,1,1,.,t,x,t
b,a,c,o,n,.,t,i,t,l,e,p,a,g,e,.,t,x,t
b,a,c,o,n,.,h,i,s,t,4,.,t,x,t
b,a,c,o,n,.,h,i,s,t,7,.,t,x,t
b,a,c,o,n,.,h,i,s,t,9,.,t,x,t
b,a,c,o,n,.,s,e,r,m,o,n,e,s,.,t,x,t
b,a,c,o,n,.,l,i,b,e,r,1,.,t,x,t
b,a,c,o,n,.,e,p,i,s,t,o,l,a,.,t,x,t
b,a,c,o,n,.,d,i,s,t,r,i,b,u,t,i,o,.,t,x,t
g,e,o,3,.,t,x,t
a,e,n,3,.,t,x,t
a,e,n,2,.,t,x,t
e,c,7,.,t,x,t
a,e,n,9,.,t,x,t
e,c,8,.,t,x,t
a,e,n,4,.,t,x,t
a,e,n,1,.,t,x,t
a,e,n,1,0,.,t,x,t
e,c,3,.,t,x,t
a,e,n,7,.,t,x,t
g,e,o,4,.,t,x,t
e,c,9,.,t,x,t
a,e,n,1,1,.,t,x,t
e,c,6,.,t,x,t
e,c,2,.,t,x,t
a,e,n,6,.,t,x,t
a,e,n,8,.,t,x,t
g,e,o,2,.,t,x,t
e,c,4,.,t,x,t
g,e,o,1,.,t,x,t
e,c,1,.,t,x,t
e,c,1,0,.,t,x,t
a,e,n,5,.,t,x,t
a,e,n,1,2,.,t,x,t
e,c,5,.,t,x,t
o,v,i,d,.,p,o,n,t,o,2,.,t,x,t
o,v,i,d,.,a,r,t,i,s,1,.,t,x,t
o,v,i,d,.,t,r,i,s,t,i,a,1,.,t,x,t
o,v,i,d,.,p,o,n,t,o,4,.,t,x,t
o,v,i,d,.,m,e,t,9,.,t,x,t
o,v,i,d,.,h,e,r,6,.,t,x,t
o,v,i,d,.,a,m,o,r,2,.,t,x,t
o,v,i,d,.,h,e,r,1,0,.,t,x,t
o,v,i,d,.,m,e,t,1,5,.,t,x,t
o,v,i,d,.,h,e,r,5,.,t,x,t
o,v,i,d,.,m,e,t,1,0,.,t,x,t
o,v,i,d,.,h,e,r,1,4,.,t,x,t
o,v,i,d,.,h,e,r,1,5,.,t,x,t
o,v,i,d,.,m,e,t,6,.,t,x,t
o,v,i,d,.,f,a,s,t,i,1,.,t,x,t
o,v,i,d,.,p,o,n,t,o,1,.,t,x,t
o,v,i,d,.,h,e,r,1,.,t,x,t
o,v,i,d,.,h,e,r,2,0,.,t,x,t
o,v,i,d,.,m,e,t,8,.,t,x,t
o,v,i,d,.,m,e,t,7,.,t,x,t
o,v,i,d,.,h,e,r,3,.,t,x,t
o,v,i,d,.,h,e,r,1,2,.,t,x,t
o,v,i,d,.,h,e,r,9,.,t,x,t
o,v,i,d,.,h,e,r,8,.,t,x,t
o,v,i,d,.,m,e,t,5,.,t,x,t
o,v,i,d,.,r,e,m,.,t,x,t
o,v,i,d,.,m,e,t,1,.,t,x,t
o,v,i,d,.,t,r,i,s,t,i,a,4,.,t,x,t
o,v,i,d,.,h,e,r,1,8,.,t,x,t
o,v,i,d,.,f,a,s,t,i,5,.,t,x,t
o,v,i,d,.,m,e,t,1,2,.,t,x,t
o,v,i,d,.,h,e,r,1,7,.,t,x,t
o,v,i,d,.,f,a,s,t,i,4,.,t,x,t
o,v,i,d,.,h,e,r,1,3,.,t,x,t
o,v,i,d,.,m,e,t,1,4,.,t,x,t
o,v,i,d,.,i,b,i,s,.,t,x,t
o,v,i,d,.,a,r,t,i,s,2,.,t,x,t
o,v,i,d,.,m,e,t,1,3,.,t,x,t
o,v,i,d,.,a,m,o,r,1,.,t,x,t
o,v,i,d,.,h,e,r,2,.,t,x,t
o,v,i,d,.,m,e,t,1,1,.,t,x,t
o,v,i,d,.,f,a,s,t,i,6,.,t,x,t
o,v,i,d,.,h,e,r,2,1,.,t,x,t
o,v,i,d,.,p,o,n,t,o,3,.,t,x,t
o,v,i,d,.,m,e,t,2,.,t,x,t
o,v,i,d,.,f,a,s,t,i,3,.,t,x,t
o,v,i,d,.,h,e,r,4,.,t,x,t
o,v,i,d,.,a,m,o,r,3,.,t,x,t
o,v,i,d,.,t,r,i,s,t,i,a,5,.,t,x,t
o,v,i,d,.,m,e,t,4,.,t,x,t
o,v,i,d,.,h,e,r,7,.,t,x,t
o,v,i,d,.,h,e,r,1,1,.,t,x,t
o,v,i,d,.,h,e,r,1,9,.,t,x,t
o,v,i,d,.,m,e,t,3,.,t,x,t
o,v,i,d,.,t,r,i,s,t,i,a,3,.,t,x,t
o,v,i,d,.,a,r,t,i,s,3,.,t,x,t
o,v,i,d,.,f,a,s,t,i,2,.,t,x,t
o,v,i,d,.,h,e,r,1,6,.,t,x,t
o,v,i,d,.,t,r,i,s,t,i,a,2,.,t,x,t
m,o,r,i,a,e,.,t,x,t
l,a,u,d,e,.,t,x,t
a,n,t,i,b,a,r,b,.,t,x,t
e,p,.,t,x,t
c,o,l,l,.,t,x,t
q,u,e,r,e,l,a,.,t,x,t
i,n,s,t,.,t,x,t
a,p,i,c,i,u,s,1,.,t,x,t
a,p,i,c,i,u,s,3,.,t,x,t
a,p,i,c,i,u,s,2,.,t,x,t
a,p,i,c,i,u,s,4,.,t,x,t
a,p,i,c,i,u,s,5,.,t,x,t
o,r,o,s,i,u,s,6,.,t,x,t
o,r,o,s,i,u,s,4,.,t,x,t
o,r,o,s,i,u,s,3,.,t,x,t
o,r,o,s,i,u,s,5,.,t,x,t
o,r,o,s,i,u,s,2,.,t,x,t
o,r,o,s,i,u,s,7,.,t,x,t
o,r,o,s,i,u,s,1,.,t,x,t
e,p,i,s,t,o,l,a,.,t,x,t
d,i,a,l,o,g,u,s,.,t,x,t
h,i,s,t,o,r,i,a,.,t,x,t
e,p,i,s,t,v,a,r,i,a,.,t,x,t
m,y,s,t,e,r,i,i,s,.,t,x,t
h,y,m,n,s,.,t,x,t
e,p,i,s,t,.,t,x,t
